{
  "project_info": {
    "project_number": "289194159261",
    "project_id": "exsell-b7d6c",
    "storage_bucket": "exsell-b7d6c.appspot.com"
  },
  "client": [
    {
      "client_info": {
        "mobilesdk_app_id": "1:289194159261:android:e6d4899770c4c4e42bf874",
        "android_client_info": {
          "package_name": "com.example.exsell"
        }
      },
      "oauth_client": [
        {
          "client_id": "289194159261-vvkqu4r0oil8j4t0ebuhrvffd7igedn5.apps.googleusercontent.com",
          "client_type": 3
        }
      ],
      "api_key": [
        {
          "current_key": "AIzaSyDqU7hbo9deXJPEyOJJx9yc9ZZo4iVpym0"
        }
      ],
      "services": {
        "appinvite_service": {
          "other_platform_oauth_client": [
            {
              "client_id": "289194159261-vvkqu4r0oil8j4t0ebuhrvffd7igedn5.apps.googleusercontent.com",
              "client_type": 3
            }
          ]
        }
      }
    }
  ],
  "configuration_version": "1"
}